"year","photovoltaic","total_precip_year","mean_temp_year","max_cdd","hot_days_95","drought_months","predicted"
2015,23.7,937.59,24.8574105222734,3,15,1,68.8803068062016
2016,26.2,589.36,24.7670248424175,1,36,1,89.4520393041273
2017,34.2,707,25.1566504096262,2,11,1,72.177817081108
2018,42.8,1005.31,24.9673040194572,2,5,2,40.4799486964893
2019,118.9,683.08,25.4507938428059,3,64,2,74.778589442892
2020,134.9,721.87,24.5133250525275,0,5,1,69.3673635708308
2021,136.4,778.36,24.9187100614439,4,6,1,102.925235500229
2022,132.8,683.3,24.5540421146953,4,9,3,131.838699598117
